{
    "r2": 0.9653509259223938,
    "mae": 160.4776153564453,
    "mse": 324897.9375,
    "rmse": 569.9981907866024
}