{
    "r2": 0.9215030670166016,
    "mae": 515.4277954101562,
    "mse": 736050.625,
    "rmse": 857.933928108686
}