{"model": "XGBoost", "r2": 0.9818139083824001, "mae": 135.29118669498905, "mse": 196665.03519968194, "rmse": 443.4693170893359}