{
  "mae": 136.0034637451172,
  "model": "NeuralNetwork",
  "mse": 314589.15625,
  "r2": 0.9664503335952759,
  "rmse": 560.8824798921785
}