{"model": "RandomForest", "r2": 0.9790328098672338, "mae": 119.02903869129668, "mse": 226780.26730104064, "rmse": 476.21451815441395}